,school,sex,age,address,famsize,Pstatus,Medu,Fedu,Mjob,Fjob,reason,guardian,traveltime,studytime,failures,schoolsup,famsup,paid,activities,nursery,higher,internet,romantic,famrel,freetime,goout,Dalc,Walc,health,absences,G1,G2,G3
0,0,0,18,1,0,0,4,4,0,4,0,1,2,2,0,1,0,0,0,1,1,0,0,4,3,4,1,1,3,6,5,6,6
1,0,0,17,1,0,1,1,1,0,2,0,0,1,2,0,0,1,0,0,0,1,1,0,5,3,3,1,1,3,4,5,5,6
2,0,0,15,1,1,1,1,1,0,2,2,1,1,2,3,1,0,1,0,1,1,1,0,4,3,2,2,3,3,10,7,8,10
3,0,0,15,1,0,1,4,2,1,3,1,1,1,3,0,0,1,1,1,1,1,1,1,3,2,2,1,1,5,2,15,14,15
4,0,0,16,1,0,1,3,3,2,2,1,0,1,2,0,0,1,1,0,1,1,0,0,4,3,2,1,2,5,4,6,10,10
5,0,1,16,1,1,1,4,3,3,2,3,1,1,2,0,0,1,1,1,1,1,1,0,5,4,2,1,2,5,10,15,15,15
6,0,1,16,1,1,1,2,2,2,2,1,1,1,2,0,0,0,0,0,1,1,1,0,4,4,4,1,1,3,0,12,12,11
7,0,0,17,1,0,0,4,4,2,4,1,1,2,2,0,1,1,0,0,1,1,0,0,4,1,4,1,1,1,6,6,5,6
8,0,1,15,1,1,0,3,2,3,2,1,1,1,2,0,0,1,1,0,1,1,1,0,4,2,2,1,1,1,0,16,18,19
9,0,1,15,1,0,1,3,4,2,2,1,1,1,2,0,0,1,1,1,1,1,1,0,5,5,1,1,1,5,0,14,15,15
10,0,0,15,1,0,1,4,4,4,1,3,1,1,2,0,0,1,1,0,1,1,1,0,3,3,3,1,2,2,0,10,8,9
11,0,0,15,1,0,1,2,1,3,2,3,0,3,3,0,0,1,0,1,1,1,1,0,5,2,2,1,1,4,4,10,12,12
12,0,1,15,1,1,1,4,4,1,3,0,0,1,1,0,0,1,1,1,1,1,1,0,4,3,3,1,3,5,2,14,14,14
13,0,1,15,1,0,1,4,3,4,2,0,1,2,2,0,0,1,1,0,1,1,1,0,5,4,3,1,2,3,2,10,10,11
14,0,1,15,1,0,0,2,2,2,2,1,2,1,3,0,0,1,0,0,1,1,1,1,4,5,2,1,1,3,0,14,16,16
15,0,0,16,1,0,1,4,4,1,2,1,1,1,1,0,0,1,0,0,1,1,1,0,4,4,4,1,2,2,4,14,14,14
16,0,0,16,1,0,1,4,4,3,3,3,1,1,3,0,0,1,1,1,1,1,1,0,3,2,3,1,2,2,6,13,14,14
17,0,0,16,1,0,1,3,3,2,2,3,1,3,2,0,1,1,0,1,1,1,0,0,5,3,2,1,1,4,4,8,10,10
18,0,1,17,1,0,1,3,2,3,3,0,1,1,1,3,0,1,0,1,1,1,1,0,5,5,5,2,4,5,16,6,5,5
19,0,1,16,1,1,1,4,3,1,2,1,0,1,1,0,0,0,1,1,1,1,1,0,3,1,3,1,3,5,4,8,10,10
20,0,1,15,1,0,1,4,3,4,2,3,1,1,2,0,0,0,0,0,1,1,1,0,4,4,1,1,1,1,0,13,14,15
21,0,1,15,1,0,1,4,4,1,1,2,0,1,1,0,0,1,1,0,1,1,1,0,5,4,2,1,1,5,0,12,15,15
22,0,1,16,1,1,1,4,2,4,2,0,1,1,2,0,0,0,0,1,1,1,1,0,4,5,1,1,3,5,2,15,15,16
23,0,1,16,1,1,1,2,2,2,2,3,1,2,2,0,0,1,0,1,1,1,1,0,5,4,4,2,4,5,0,13,13,12
24,0,0,15,0,0,1,2,4,3,1,0,1,1,3,0,1,1,1,1,1,1,1,0,4,3,2,1,1,5,2,10,9,8
25,0,0,16,1,0,1,2,2,3,3,1,1,1,1,2,0,1,1,0,0,1,1,0,1,2,2,1,3,5,14,6,9,8
26,0,1,15,1,0,1,2,2,2,2,1,1,1,1,0,0,1,1,0,1,1,1,0,4,2,2,1,2,5,2,12,12,11
27,0,1,15,1,0,1,4,2,1,3,2,1,1,1,0,0,0,1,0,1,1,1,0,2,2,4,2,4,1,4,15,16,15
28,0,1,16,1,1,0,3,4,3,2,1,1,1,2,0,1,1,0,1,1,1,1,0,5,3,3,1,1,5,4,11,11,11
29,0,1,16,1,0,1,4,4,4,4,1,1,1,2,0,0,1,1,1,1,1,1,1,4,4,5,5,5,5,16,10,12,11
30,0,1,15,1,0,1,4,4,1,3,1,1,1,2,0,0,1,1,0,0,1,1,0,5,4,2,3,4,5,0,9,11,12
31,0,1,15,1,0,1,4,4,3,3,3,1,2,2,0,0,1,0,1,1,1,1,0,4,3,1,1,1,5,0,17,16,17
32,0,1,15,0,0,1,4,3,4,0,0,1,1,2,0,0,1,0,1,1,1,1,1,4,5,2,1,1,5,0,17,16,16
33,0,1,15,1,1,1,3,3,2,2,0,1,1,2,0,0,0,0,1,0,1,1,0,5,3,2,1,1,2,0,8,10,12
34,0,1,16,1,0,1,3,2,2,2,1,1,1,1,0,0,1,1,0,0,1,1,0,5,4,3,1,1,5,0,12,14,15
35,0,0,15,1,0,1,2,3,2,2,2,0,2,1,0,0,1,0,1,1,1,0,0,3,5,1,1,1,5,0,8,7,6
36,0,1,15,1,1,1,4,3,4,3,1,1,1,3,0,0,1,0,1,1,1,1,0,5,4,3,1,1,4,2,15,16,18
37,0,1,16,0,0,0,4,4,2,4,3,1,2,3,0,0,1,0,1,1,1,1,1,2,4,3,1,1,5,7,15,16,15
38,0,0,15,0,0,1,3,4,3,1,0,1,1,3,0,1,1,1,1,1,1,1,0,4,3,2,1,1,5,2,12,12,11
39,0,0,15,0,0,1,2,2,0,2,3,1,1,1,0,1,1,1,1,1,1,0,0,4,3,1,1,1,2,8,14,13,13
40,0,0,16,1,1,1,2,2,2,2,1,1,2,2,1,0,1,0,1,0,1,1,1,3,3,3,1,2,3,25,7,10,11
41,0,1,15,1,1,1,4,4,4,2,1,2,1,1,0,0,1,0,0,0,1,1,1,5,4,3,2,4,5,8,12,12,12
42,0,1,15,1,0,1,4,4,3,4,0,0,1,2,0,0,1,0,1,1,1,1,0,4,3,3,1,1,5,2,19,18,18
43,0,1,15,1,0,1,2,2,3,3,0,0,1,1,0,1,1,0,0,1,1,1,0,5,4,1,1,1,1,0,8,8,11
44,0,0,16,1,1,1,2,2,2,0,0,0,2,2,1,1,0,0,1,1,1,1,0,4,3,3,2,2,5,14,10,10,9
45,0,0,15,1,1,0,4,3,2,2,0,1,1,2,0,1,1,1,1,1,1,1,1,5,2,2,1,1,5,8,8,8,6
46,0,0,16,1,1,0,3,3,2,3,1,1,1,2,0,0,1,0,0,1,1,1,0,2,3,5,1,4,3,12,11,12,11
47,0,1,16,1,0,1,4,3,1,3,3,1,1,4,0,0,0,0,1,1,1,1,0,4,2,2,1,1,2,4,19,19,20
48,0,1,15,1,0,1,4,2,4,2,1,1,1,2,0,0,1,1,0,1,1,0,0,4,3,3,2,2,5,2,15,15,14
49,0,0,15,1,0,1,4,4,3,4,2,0,1,2,1,1,1,0,1,0,1,1,0,4,4,4,1,1,3,2,7,7,7
50,0,0,16,1,1,1,2,2,3,3,0,1,3,2,0,0,1,1,0,1,1,1,0,4,3,3,2,3,4,2,12,13,13
51,0,0,15,1,1,1,4,2,1,2,2,1,1,2,0,0,1,1,0,1,1,1,0,4,3,3,1,1,5,2,11,13,13
52,0,1,15,1,1,0,4,2,1,1,2,0,2,1,1,0,0,0,0,1,1,0,0,5,5,5,3,4,5,6,11,11,10
53,0,0,15,1,0,1,4,4,3,3,0,1,1,1,0,1,1,1,0,1,1,1,0,3,3,4,2,3,5,0,8,10,11
54,0,0,15,1,1,0,3,3,2,2,2,1,1,1,0,0,0,1,0,1,1,1,0,5,3,4,4,4,1,6,10,13,13
55,0,0,16,1,0,0,2,1,2,2,2,1,1,2,0,0,0,1,1,1,1,1,1,5,3,4,1,1,2,8,8,9,10
56,0,0,15,1,0,0,4,3,3,3,3,1,1,2,0,0,1,1,1,1,1,1,0,4,3,2,1,1,1,0,14,15,15
57,0,1,15,1,0,1,4,4,4,1,3,1,1,2,0,0,1,0,1,1,1,0,0,3,2,2,1,1,5,4,14,15,15
58,0,1,15,1,1,1,1,2,2,0,1,0,1,2,0,1,1,0,1,1,1,1,0,4,3,2,1,1,5,2,9,10,9
59,0,0,16,1,0,1,4,2,3,2,0,1,1,2,0,0,1,0,0,1,1,1,0,4,2,3,1,1,5,2,15,16,16
60,0,0,16,0,0,1,4,4,1,4,2,1,1,2,0,0,1,0,1,1,1,0,0,2,4,4,2,3,4,6,10,11,11
61,0,0,16,1,0,1,1,1,3,3,0,0,4,1,0,1,1,0,1,0,1,1,1,5,5,5,5,5,5,6,10,8,11
62,0,0,16,1,1,1,1,2,2,3,3,0,1,2,0,1,0,0,1,1,1,1,0,4,4,3,1,1,1,4,8,10,9
63,0,0,16,1,0,1,4,3,4,1,1,1,1,3,0,1,1,1,1,1,1,1,0,3,4,4,2,4,4,2,10,9,9
64,0,0,15,1,1,1,4,3,3,3,3,0,1,2,0,1,0,0,1,1,1,1,1,4,4,4,2,4,2,0,10,10,10
65,0,0,16,1,1,1,4,3,4,3,0,1,3,2,0,0,1,0,1,1,1,1,0,5,4,3,1,2,1,2,16,15,15
66,0,1,15,1,0,0,4,4,2,3,3,1,1,4,0,0,1,0,1,0,1,1,1,1,3,3,5,5,3,4,13,13,12
67,0,0,16,1,0,1,3,1,3,2,0,1,1,4,0,1,1,1,0,1,1,1,0,4,3,3,1,2,5,4,7,7,6
68,0,0,15,0,1,1,2,2,1,3,3,1,2,2,0,1,1,1,0,1,1,1,0,4,1,3,1,3,4,2,8,9,8
69,0,0,15,0,1,1,3,1,2,2,3,0,2,4,0,0,1,0,0,0,1,1,0,4,4,2,2,3,3,12,16,16,16
70,0,1,16,1,0,1,3,1,2,2,3,0,2,4,0,0,1,1,0,1,1,1,0,4,3,2,1,1,5,0,13,15,15
71,0,1,15,1,0,1,4,2,2,2,0,1,1,4,0,0,0,0,0,1,1,1,0,3,3,3,1,1,3,0,10,10,10
72,0,0,15,0,0,1,1,1,2,2,3,1,1,2,2,1,1,0,0,0,1,1,1,3,3,4,2,4,5,2,8,6,5
73,0,1,16,1,0,1,3,1,2,2,3,1,1,1,0,0,0,0,1,1,1,0,0,5,3,2,2,2,5,2,12,12,14
74,0,0,16,1,0,1,3,3,2,3,1,1,1,2,0,1,1,1,1,1,1,1,0,4,3,3,2,4,5,54,11,12,11
75,0,1,15,1,0,1,4,3,4,2,1,1,1,2,0,0,1,1,1,1,1,1,0,4,3,3,2,3,5,6,9,9,10
76,0,1,15,1,0,1,4,0,4,2,0,1,2,4,0,0,0,0,1,1,1,1,0,3,4,3,1,1,1,8,11,11,10
77,0,0,16,1,0,1,2,2,2,2,3,1,1,4,0,0,0,1,0,1,1,1,1,5,2,3,1,3,3,0,11,11,11
78,0,1,17,1,0,1,2,1,2,2,1,1,2,1,3,1,1,0,1,1,0,1,0,4,5,1,1,1,3,2,8,8,10
79,0,0,16,1,0,1,3,4,0,2,0,1,1,2,0,0,1,0,0,1,1,1,0,2,4,3,1,2,3,12,5,5,5
80,0,1,15,1,0,1,2,3,2,3,0,0,1,1,0,1,1,1,1,0,1,1,1,3,2,2,1,3,3,2,10,12,12
81,0,1,15,1,0,1,2,3,2,2,1,1,1,3,0,1,0,1,0,0,1,1,0,5,3,2,1,2,5,4,11,10,11
82,0,0,15,1,1,1,3,2,3,2,3,1,1,2,0,0,1,1,0,1,1,1,0,4,4,4,1,1,5,10,7,6,6
83,0,1,15,1,1,1,2,2,3,3,1,1,2,2,0,0,0,1,1,1,1,1,0,5,3,3,1,3,4,4,15,15,15
84,0,0,15,1,0,1,1,1,2,2,1,0,1,2,0,0,1,0,1,0,1,1,0,4,3,2,2,3,4,2,9,10,10
85,0,0,15,1,0,1,4,4,3,3,3,0,2,2,2,0,0,1,0,1,1,1,1,4,4,4,2,3,5,6,7,9,8
86,0,0,16,1,1,1,2,2,0,2,0,1,1,2,0,0,1,0,0,1,1,0,0,4,3,4,1,2,2,4,8,7,6
87,0,0,15,1,0,1,4,2,2,2,3,1,1,3,0,0,1,0,1,1,1,1,0,5,3,3,1,3,1,4,13,14,14
88,0,1,16,1,0,1,2,2,3,2,3,0,2,2,1,0,0,1,1,0,1,1,0,4,4,2,1,1,3,12,11,10,10
89,0,1,16,1,1,0,4,4,4,1,3,1,1,2,0,0,1,0,0,1,1,0,0,4,1,3,3,5,5,18,8,6,7
90,0,0,16,1,0,1,3,3,2,2,1,1,1,3,0,0,1,1,0,1,1,1,1,4,3,3,1,3,4,0,7,7,8
91,0,0,15,1,0,1,4,3,3,2,3,1,1,1,0,0,0,1,1,1,1,1,0,4,5,5,1,3,1,4,16,17,18
92,0,0,16,1,1,1,3,1,2,2,1,0,1,2,0,1,1,0,0,1,1,0,0,3,3,3,2,3,2,4,7,6,6
93,0,0,16,1,0,1,4,2,4,3,1,1,2,2,0,0,1,1,1,1,1,1,0,5,3,3,1,1,1,0,11,10,10
94,0,1,15,1,1,1,2,2,3,1,3,1,1,4,0,0,1,0,1,1,1,1,0,4,3,4,1,1,4,6,11,13,14
95,0,0,15,0,0,1,1,1,0,2,1,1,2,4,1,1,1,1,1,1,1,1,0,3,1,2,1,1,1,2,7,10,10
96,0,1,16,0,0,1,4,3,3,2,3,1,2,1,0,1,1,0,1,0,1,1,0,3,3,3,1,1,4,2,11,15,15
97,0,0,16,1,0,1,2,1,2,2,0,1,1,2,0,0,1,1,0,1,1,0,1,4,3,5,1,1,5,2,8,9,10
98,0,0,16,1,0,1,4,4,2,2,3,1,1,1,0,0,0,0,1,0,1,1,0,5,3,4,1,2,1,6,11,14,14
99,0,0,16,1,0,1,4,3,2,0,0,1,1,3,0,1,1,1,0,1,1,1,0,5,3,5,1,1,3,0,7,9,8
100,0,1,16,1,0,1,4,4,3,3,2,1,1,1,0,1,1,1,1,1,1,1,0,4,5,5,5,5,4,14,7,7,5
101,0,1,16,1,0,1,4,4,3,4,2,0,1,3,0,0,1,0,1,1,1,1,1,4,4,3,1,1,4,0,16,17,17
102,0,1,15,1,0,1,4,4,3,2,0,1,1,1,0,0,1,0,1,0,1,1,0,5,3,3,1,1,5,4,10,13,14
103,0,0,15,1,0,1,3,2,3,2,1,1,2,2,0,1,1,1,0,1,1,1,0,4,3,5,1,1,2,26,7,6,6
104,0,1,15,1,0,0,3,4,3,2,0,1,1,2,0,0,1,1,1,1,1,1,0,5,4,4,1,1,1,0,16,18,18
105,0,0,15,1,0,0,3,3,2,1,3,0,1,4,0,1,0,0,0,1,1,0,0,4,3,3,1,1,4,10,10,11,11
106,0,0,15,1,0,1,2,2,2,2,0,1,1,4,0,1,1,1,0,1,1,1,0,5,1,2,1,1,3,8,7,8,8
107,0,1,16,1,0,1,3,3,3,2,1,0,1,3,0,0,1,0,1,1,1,1,0,5,3,3,1,1,5,2,16,18,18
108,0,1,15,0,0,1,4,4,2,2,1,0,4,4,0,0,1,1,1,1,1,1,1,1,3,5,3,5,1,6,10,13,13
109,0,0,16,1,1,1,4,4,1,1,2,1,1,3,0,0,1,1,1,1,1,1,1,5,4,5,1,1,4,4,14,15,16
110,0,1,15,1,1,0,4,4,4,4,0,1,1,1,0,0,0,0,1,1,1,1,0,5,5,3,1,1,4,6,18,19,19
111,0,0,16,0,0,1,3,3,3,2,3,0,1,3,1,1,1,0,1,1,1,1,0,4,1,2,1,1,2,0,7,10,10
112,0,0,16,1,0,1,2,2,0,2,1,1,1,2,1,1,0,0,1,1,1,1,0,3,1,2,1,1,5,6,10,13,13
113,0,1,15,1,1,1,4,2,4,2,0,1,1,1,0,0,0,0,0,1,1,1,0,3,5,2,1,1,3,10,18,19,19
114,0,1,15,0,0,1,2,1,1,3,3,1,1,2,0,0,0,0,1,1,1,1,1,5,4,2,1,1,5,8,9,9,9
115,0,1,16,1,0,1,4,4,4,4,0,0,1,2,0,0,1,0,1,1,1,1,0,5,4,4,1,2,5,2,15,15,16
116,0,1,15,1,0,1,4,4,2,4,3,0,2,2,0,0,1,0,1,1,1,0,0,4,4,3,1,1,2,2,11,13,14
117,0,1,16,1,0,1,3,3,2,3,1,0,2,1,0,0,0,0,1,1,1,1,0,5,4,2,1,1,5,0,13,14,13
118,0,1,17,0,0,1,1,3,2,2,0,0,3,2,1,0,1,0,1,1,1,1,0,5,2,4,1,4,5,20,9,7,8
119,0,1,15,1,0,1,3,4,2,2,3,0,1,1,0,0,0,0,0,1,1,1,0,3,4,3,1,2,4,6,14,13,13
120,0,0,15,1,0,1,1,2,0,3,0,1,1,2,0,0,0,0,0,0,1,1,0,3,2,3,1,2,1,2,16,15,15
121,0,1,15,1,0,1,2,2,3,3,1,0,1,4,0,0,1,1,1,1,1,1,0,5,5,4,1,2,5,6,16,14,15
122,0,0,16,1,1,1,2,4,2,1,0,0,2,2,0,0,1,1,1,1,1,1,1,4,2,2,1,2,5,2,13,13,13
123,0,1,16,1,0,1,4,4,1,2,0,1,1,1,0,0,1,0,1,1,1,1,0,3,4,4,1,4,5,18,14,11,13
124,0,0,16,1,0,1,2,2,2,2,1,1,1,2,0,0,0,1,0,1,1,1,1,5,4,4,1,1,5,0,8,7,8
125,0,1,15,1,0,1,3,4,3,3,1,0,1,1,0,1,0,0,0,1,1,1,0,5,5,5,3,2,5,0,13,13,12
126,0,0,15,1,1,0,3,4,2,2,1,1,1,2,0,1,0,0,1,1,1,1,1,5,3,2,1,1,1,0,7,10,11
127,0,0,19,1,0,1,0,1,0,2,0,2,1,2,3,0,1,0,0,0,0,0,0,3,4,2,1,1,5,2,7,8,9
128,0,1,18,0,0,1,2,2,3,2,3,1,1,1,2,0,1,0,1,1,1,1,0,3,3,3,1,2,4,0,7,4,0
129,0,1,16,0,0,1,4,4,4,4,0,1,1,1,0,0,0,1,1,1,1,1,0,3,5,5,2,5,4,8,18,18,18
130,0,0,15,0,0,1,3,4,3,4,0,0,2,3,2,0,1,0,0,1,1,1,1,4,2,2,2,2,5,0,12,0,0
131,0,0,15,1,0,1,1,1,0,2,0,1,3,1,0,0,1,0,1,0,1,1,1,4,3,3,1,2,4,0,8,0,0
132,0,0,17,1,1,1,2,2,2,2,0,0,1,1,0,0,1,0,0,1,1,1,1,3,4,4,1,3,5,12,10,13,12
133,0,0,16,1,0,0,3,4,3,2,0,0,1,1,0,0,0,0,0,1,1,1,0,3,2,1,1,4,5,16,12,11,11
134,0,1,15,0,0,1,3,4,0,4,0,1,4,2,0,0,1,0,0,1,1,0,1,5,3,3,1,1,5,0,9,0,0
135,0,0,15,1,0,1,4,4,3,0,0,1,1,3,0,0,1,0,1,1,1,1,1,4,3,3,1,1,5,0,11,0,0
136,0,1,17,0,0,1,3,4,0,2,0,1,3,2,0,0,0,0,0,1,1,0,0,5,4,5,2,4,5,0,10,0,0
137,0,0,16,1,0,0,3,3,2,2,0,2,2,1,2,0,1,0,1,0,1,1,1,4,3,2,1,1,5,0,4,0,0
138,0,1,16,1,1,1,1,1,3,2,0,1,1,2,1,0,0,0,0,1,1,0,1,4,4,4,1,3,5,0,14,12,12
139,0,0,15,1,0,1,4,4,4,4,0,1,2,1,0,0,0,0,1,1,1,1,0,4,3,2,1,1,5,0,16,16,15
140,0,1,15,1,0,1,4,3,4,3,0,0,2,4,0,1,1,0,0,1,1,1,0,2,2,2,1,1,3,0,7,9,0
141,0,1,16,1,1,1,2,2,3,3,3,0,2,1,2,0,1,0,1,1,1,1,0,2,3,3,2,2,2,8,9,9,9
142,0,0,15,1,0,1,4,4,4,3,0,1,1,3,0,0,1,1,1,1,1,1,0,4,2,2,1,1,5,2,9,11,11
143,0,0,16,1,1,1,1,1,0,0,0,1,1,1,0,0,0,0,0,1,1,1,0,3,4,4,3,3,1,2,14,14,13
144,0,1,17,1,0,1,2,1,2,2,1,1,1,1,3,0,1,0,0,1,1,1,0,5,4,5,1,2,5,0,5,0,0
145,0,0,15,1,0,1,1,1,2,3,0,0,1,2,0,0,1,1,0,1,1,1,0,4,4,2,1,2,5,0,8,11,11
146,0,0,15,1,0,1,3,2,1,3,1,0,1,2,3,0,1,0,0,1,1,1,0,3,3,2,1,1,3,0,6,7,0
147,0,0,15,1,0,1,1,2,0,2,0,1,1,2,0,0,1,1,0,0,1,1,0,4,3,2,1,1,5,2,10,11,11
148,0,1,16,1,0,1,4,4,4,4,0,1,1,1,0,0,1,0,0,1,0,1,1,3,3,2,2,1,5,0,7,6,0
149,0,1,15,1,1,0,2,1,3,2,0,1,4,1,3,0,0,0,0,1,1,1,0,4,5,5,2,5,5,0,8,9,10
150,0,1,18,1,1,1,1,1,2,2,0,1,1,1,3,0,0,0,0,1,0,1,1,2,3,5,2,5,4,0,6,5,0
151,0,1,16,1,1,1,2,1,0,2,0,1,1,1,1,0,0,0,1,1,1,0,1,4,4,4,3,5,5,6,12,13,14
152,0,0,15,0,0,1,3,3,3,3,3,2,2,3,2,0,1,1,1,1,1,1,1,4,2,1,2,3,3,8,10,10,10
153,0,1,19,1,0,1,3,2,3,0,1,1,1,1,3,0,1,0,0,1,0,1,1,4,5,4,1,1,4,0,5,0,0
154,0,0,17,1,0,1,4,4,2,4,0,1,1,1,0,1,1,0,0,1,1,0,1,4,2,1,1,1,4,0,11,11,12
155,0,1,15,0,0,1,2,3,0,3,0,1,1,2,0,1,0,1,1,1,1,0,0,4,4,4,1,1,1,2,11,8,8
156,0,1,17,0,1,1,1,2,2,2,3,1,1,1,0,0,0,0,0,1,1,0,0,2,2,2,3,3,5,8,16,12,13
157,0,0,18,0,0,1,1,1,0,2,0,1,3,1,3,0,1,0,1,0,1,0,0,5,2,5,1,5,4,6,9,8,10
158,0,1,16,0,0,1,2,2,0,2,0,1,3,1,0,0,0,0,0,0,1,0,0,4,2,2,1,2,3,2,17,15,15
159,0,1,16,1,0,1,3,3,2,3,0,0,1,2,1,0,1,1,0,1,1,1,1,4,5,5,4,4,5,4,10,12,12
160,0,1,17,0,1,1,2,1,0,2,0,1,2,1,2,0,0,0,1,1,0,1,1,3,3,2,2,2,5,0,7,6,0
161,0,1,15,0,0,1,3,2,2,2,0,1,2,2,2,1,1,0,0,1,1,1,1,4,4,4,1,4,3,6,5,9,7
162,0,1,16,1,1,1,1,2,2,2,0,1,2,1,1,0,0,0,1,1,1,0,0,4,4,4,2,4,5,0,7,0,0
163,0,1,17,1,0,1,1,3,0,3,0,0,1,1,0,0,0,0,0,1,0,1,0,5,3,3,1,4,2,2,10,10,10
164,0,1,17,0,1,1,1,1,2,3,0,1,4,2,3,0,0,0,1,1,0,0,1,5,3,5,1,5,5,0,5,8,7
165,0,1,16,1,0,1,3,2,3,3,0,1,2,1,1,0,1,0,1,0,0,0,0,4,5,2,1,1,2,16,12,11,12
166,0,1,16,1,0,1,2,2,2,2,0,0,1,2,0,0,0,0,0,1,0,1,0,4,3,5,2,4,4,4,10,10,10
167,0,0,16,1,0,1,4,2,1,3,1,0,1,2,0,0,0,1,0,1,1,1,1,4,2,3,1,1,3,0,14,15,16
168,0,0,16,1,0,1,2,2,2,2,1,1,1,2,0,0,1,1,0,0,1,1,0,5,1,5,1,1,4,0,6,7,0
169,0,0,16,1,0,1,4,4,1,1,3,1,1,2,0,0,1,1,0,1,1,1,1,4,4,2,1,1,3,0,14,14,14
170,0,1,16,1,0,1,3,4,2,2,0,0,3,1,2,0,1,0,1,0,1,1,0,3,4,5,2,4,2,0,6,5,0
171,0,1,16,1,0,1,1,0,2,2,3,1,2,2,0,0,1,1,1,1,1,1,1,4,3,2,1,1,3,2,13,15,16
172,0,1,17,1,1,1,4,4,4,2,3,1,1,2,0,0,1,1,1,1,1,1,0,4,4,4,1,3,5,0,13,11,10
173,0,0,16,1,0,1,1,3,0,3,1,1,1,2,3,0,0,0,1,0,1,1,1,4,3,5,1,1,3,0,8,7,0
174,0,0,16,1,1,1,3,3,2,2,3,1,2,2,0,0,1,1,1,1,1,1,0,4,4,5,1,1,4,4,10,11,9
175,0,1,17,1,1,1,4,3,4,2,0,1,2,2,0,0,0,1,1,1,1,1,0,4,4,4,4,4,4,4,10,9,9
176,0,0,16,1,0,1,2,2,3,2,3,1,2,2,0,0,0,1,1,0,1,1,0,3,4,4,1,4,5,2,13,13,11
177,0,1,17,1,0,1,3,3,2,2,3,0,1,2,0,0,0,0,1,0,1,1,0,4,3,4,1,4,4,4,6,5,6
178,0,1,16,0,0,1,4,2,4,3,2,1,1,1,0,0,1,0,1,1,1,1,1,4,3,3,3,4,3,10,10,8,9
179,0,1,17,1,0,1,4,3,2,2,0,1,1,2,0,0,1,0,1,1,1,1,1,5,2,3,1,1,2,4,10,10,11
180,0,1,16,1,0,1,4,3,4,2,1,1,1,2,0,0,1,1,1,1,1,1,0,3,4,3,2,3,3,10,9,8,8
181,0,1,16,1,0,1,3,3,3,2,1,1,1,2,0,0,0,1,1,1,1,1,1,4,2,3,1,2,3,2,12,13,12
182,0,0,17,1,0,1,2,4,3,3,3,0,1,2,0,0,1,0,1,1,1,0,0,5,4,2,2,3,5,0,16,17,17
183,0,0,17,1,1,1,3,3,2,2,3,1,1,2,0,0,1,0,1,1,1,1,1,5,3,3,2,3,1,56,9,9,8
184,0,0,16,1,0,1,3,2,2,2,3,1,1,2,0,0,1,1,0,1,1,1,0,1,2,2,1,2,1,14,12,13,12
185,0,1,17,1,0,1,3,3,3,3,2,1,1,2,0,0,1,0,1,1,1,1,1,4,3,4,2,3,4,12,12,12,11
186,0,1,16,1,0,1,1,2,3,3,2,1,1,1,0,0,1,1,1,1,1,1,1,3,3,3,1,2,3,2,11,12,11
187,0,1,16,1,1,1,2,1,2,2,0,1,1,2,0,0,0,1,1,1,1,1,1,4,2,3,1,2,5,0,15,15,15
188,0,0,17,1,0,0,3,3,1,2,3,1,1,2,0,0,1,0,0,0,1,1,1,3,3,3,1,3,3,6,8,7,9
189,0,1,17,0,0,1,1,2,0,2,1,1,1,2,0,0,0,0,0,1,1,0,0,3,1,3,1,5,3,4,8,9,10
190,0,0,16,1,0,1,2,3,3,3,0,1,1,2,0,0,0,0,0,1,1,1,0,4,3,3,1,1,2,10,11,12,13
191,0,0,17,1,0,1,1,1,0,3,0,1,1,2,0,0,0,0,1,1,1,1,0,5,3,3,1,1,3,0,8,8,9
192,0,1,17,1,0,1,1,2,0,3,2,2,2,2,0,0,0,1,1,0,1,1,0,4,4,4,4,5,5,12,7,8,8
193,0,1,16,0,0,1,3,3,3,3,3,1,1,1,0,0,1,0,1,1,1,1,0,4,3,2,3,4,5,8,8,9,10
194,0,1,16,1,0,1,2,3,2,2,1,0,2,1,0,0,0,0,0,1,1,1,0,5,3,3,1,1,3,0,13,14,14
195,0,0,17,1,1,1,2,4,3,3,0,0,1,2,0,0,0,0,1,1,1,1,1,4,3,2,1,1,5,0,14,15,15
196,0,1,17,1,0,1,4,4,3,4,1,1,1,1,0,0,0,0,0,1,1,1,0,5,2,3,1,2,5,4,17,15,16
197,0,1,16,0,1,1,3,3,4,2,1,0,3,1,0,0,1,1,1,1,1,1,0,3,3,4,3,5,3,8,9,9,10
198,0,0,17,1,0,1,4,4,3,4,1,1,2,1,1,0,1,0,0,1,1,1,0,4,2,4,2,3,2,24,18,18,18
199,0,0,16,1,1,1,4,4,4,4,3,1,1,2,0,0,1,1,0,1,1,1,0,4,5,2,1,2,3,0,9,9,10
200,0,0,16,1,0,1,4,3,1,2,1,1,1,2,0,0,1,0,1,1,1,1,0,4,3,5,1,5,2,2,16,16,16
201,0,0,16,1,0,1,2,3,2,2,3,1,1,2,0,1,1,1,1,1,1,0,0,4,4,3,1,3,4,6,8,10,10
202,0,0,17,1,0,1,1,1,2,2,0,1,1,2,0,0,1,1,0,0,1,0,0,4,4,4,1,3,1,4,9,9,10
203,0,0,17,0,0,1,2,2,2,2,3,1,1,1,0,0,1,0,0,1,1,1,0,5,3,2,1,2,3,18,7,6,6
204,0,0,16,0,0,1,2,2,3,3,3,1,2,4,0,0,1,1,1,0,1,1,0,5,3,5,1,1,5,6,10,10,11
205,0,0,17,1,0,1,3,4,0,3,1,1,1,3,1,0,1,1,0,1,1,1,1,4,4,3,3,4,5,28,10,9,9
206,0,0,16,1,0,0,3,1,3,2,0,1,1,2,3,0,1,1,0,1,1,1,0,2,3,3,2,2,4,5,7,7,7
207,0,0,16,1,0,1,4,3,4,2,2,1,1,2,0,0,0,1,1,1,1,1,1,1,3,2,1,1,1,10,11,12,13
208,0,0,16,1,0,1,1,1,0,2,1,1,2,1,0,0,1,1,0,1,1,0,0,4,3,2,1,4,5,6,9,9,10
209,0,0,17,0,0,1,4,3,4,2,3,1,2,3,0,0,1,1,1,1,1,1,1,4,4,2,1,1,4,6,7,7,7
210,0,0,19,1,0,1,3,3,2,2,3,2,1,4,0,0,1,1,1,1,1,1,0,4,3,3,1,2,3,10,8,8,8
211,0,1,17,1,1,1,4,4,3,2,1,1,1,2,0,0,1,1,0,1,1,1,1,5,3,5,4,5,3,13,12,12,13
212,0,0,16,1,0,0,2,2,2,2,3,1,1,2,0,1,1,1,0,1,1,1,0,3,3,4,1,1,4,0,12,13,14
213,0,1,18,1,0,1,2,2,3,2,1,1,1,2,1,0,1,1,1,1,1,1,0,4,4,4,2,4,5,15,6,7,8
214,0,0,17,0,1,1,4,4,3,2,2,1,1,1,0,0,1,1,0,1,1,0,0,5,2,1,1,2,3,12,8,10,10
215,0,0,17,1,1,1,3,2,2,2,3,1,2,2,0,0,0,1,0,1,1,1,0,4,4,4,1,3,1,2,14,15,15
216,0,0,17,1,0,1,4,3,2,2,3,1,1,2,2,0,0,1,0,1,1,1,1,3,4,5,2,4,1,22,6,6,4
217,0,1,18,1,1,1,3,3,3,1,1,0,1,2,1,0,1,1,0,1,1,1,0,3,2,4,2,4,4,13,6,6,8
218,0,0,17,1,0,1,2,3,0,2,1,0,2,1,0,0,1,1,0,1,1,0,0,3,3,3,1,4,3,3,7,7,8
219,0,0,17,1,0,1,2,2,0,0,0,1,1,3,0,0,1,1,1,1,1,1,0,4,3,3,1,1,4,4,9,10,10
220,0,0,17,0,0,1,2,1,0,3,3,1,2,2,0,0,1,0,1,1,1,1,0,4,2,5,1,2,5,2,6,6,6
221,0,0,17,1,0,1,1,1,0,2,3,1,1,3,1,0,1,0,1,1,1,0,1,4,3,4,1,1,5,0,6,5,0
222,0,0,16,1,0,1,2,3,3,4,2,1,1,2,0,1,0,0,0,1,1,1,0,2,3,1,1,1,3,2,16,16,17
223,0,1,18,1,0,1,2,2,2,2,1,1,2,2,0,0,1,1,0,1,1,1,0,3,3,3,5,5,4,0,12,13,13
224,0,0,16,1,0,1,4,4,4,3,1,1,1,3,0,0,1,0,1,0,1,1,0,5,3,2,1,1,5,0,13,13,14
225,0,0,18,0,0,1,3,1,2,2,3,1,1,2,1,0,0,0,1,1,1,1,1,5,3,3,1,1,4,16,9,8,7
226,0,0,17,1,0,1,3,2,2,2,0,1,1,2,0,0,0,0,1,0,1,1,0,5,3,4,1,3,3,10,16,15,15
227,0,1,17,1,1,1,2,3,3,3,3,0,1,2,0,0,1,1,0,0,1,1,0,5,3,3,1,3,3,2,12,11,12
228,0,1,18,1,1,1,2,1,0,2,0,1,4,2,0,1,1,1,1,1,1,1,1,4,3,2,4,5,3,14,10,8,9
229,0,0,17,1,0,0,2,1,2,2,0,1,2,3,0,0,0,0,1,1,1,1,1,3,2,3,1,2,3,10,12,10,12
230,0,0,17,1,1,1,4,3,1,2,3,0,1,2,0,0,0,0,1,1,1,1,1,3,2,3,1,2,3,14,13,13,14
231,0,1,17,0,0,1,2,2,2,2,0,0,2,2,0,0,1,1,1,1,1,1,0,4,5,2,1,1,1,4,11,11,11
232,0,1,17,1,0,1,4,4,4,4,3,1,1,2,0,1,1,0,1,1,1,1,1,4,5,5,1,3,2,14,11,9,9
233,0,1,16,1,0,1,4,4,1,2,3,0,1,2,0,0,1,1,1,1,1,1,0,4,2,4,2,4,1,2,14,13,13
234,0,1,16,1,1,1,1,1,2,2,1,1,2,2,0,0,1,1,0,1,1,1,0,3,4,2,1,1,5,18,9,7,6
235,0,1,16,1,0,1,3,2,0,2,3,1,2,3,0,0,0,0,1,1,1,1,1,5,3,3,1,3,2,10,11,9,10
236,0,1,17,1,1,1,2,2,2,2,1,0,1,2,0,0,0,1,1,0,1,1,1,4,4,2,5,5,4,4,14,13,13
237,0,0,16,1,0,1,2,1,2,2,1,1,1,1,0,0,0,0,0,1,1,1,1,4,5,2,1,1,5,20,13,12,12
238,0,0,17,0,0,1,2,1,0,3,0,1,3,2,0,0,0,0,1,1,1,0,0,2,1,1,1,1,3,2,13,11,11
239,0,1,18,1,0,1,2,2,2,3,3,0,1,2,1,0,0,0,0,1,0,1,0,5,5,4,3,5,2,0,7,7,0
240,0,1,17,1,1,1,4,3,1,2,0,1,2,2,0,0,0,0,1,1,1,1,1,2,5,5,1,4,5,14,12,12,12
241,0,1,17,0,1,0,4,4,4,2,0,1,2,2,0,0,1,1,0,1,1,1,0,3,3,3,2,3,4,2,10,11,12
242,0,1,16,1,1,1,4,3,4,2,0,1,1,1,0,0,0,0,1,0,1,1,0,5,4,5,1,1,3,0,6,0,0
243,0,1,16,1,0,1,4,4,3,3,0,1,1,1,0,0,0,0,1,1,1,1,0,5,3,2,1,2,5,0,13,12,12
244,0,0,18,1,0,1,2,1,2,2,0,2,2,3,0,0,1,1,0,0,1,1,1,4,4,4,1,1,3,0,7,0,0
245,0,1,16,1,0,1,2,1,2,2,0,1,3,1,0,0,0,0,0,1,1,1,0,4,3,3,1,1,4,6,18,18,18
246,0,1,17,1,0,1,2,3,2,2,0,0,2,1,0,0,0,0,0,1,1,1,0,5,2,2,1,1,2,4,12,12,13
247,0,1,22,1,0,1,3,1,3,3,2,1,1,1,3,0,0,0,0,0,0,1,1,5,4,5,5,5,1,16,6,8,8
248,0,1,18,0,1,1,3,3,2,3,0,1,1,2,1,0,1,0,0,1,1,1,1,4,3,3,1,3,5,8,3,5,5
249,0,1,16,1,0,1,0,2,2,2,2,1,1,1,0,0,0,1,0,0,1,1,0,4,3,2,2,4,5,0,13,15,15
250,0,1,18,1,0,1,3,2,3,2,0,1,2,1,1,0,0,0,0,1,0,1,0,4,4,5,2,4,5,0,6,8,8
251,0,1,16,1,0,1,3,3,0,2,3,2,3,2,0,1,1,0,0,0,1,1,0,5,3,3,1,3,2,6,7,10,10
252,0,1,18,1,0,1,2,1,3,3,2,1,1,1,1,0,0,0,0,0,0,1,0,3,2,5,2,5,5,4,6,9,8
253,0,1,16,0,0,1,2,1,2,2,0,1,2,1,0,0,0,0,1,0,1,0,0,3,3,2,1,3,3,0,8,9,8
254,0,1,17,0,0,1,2,1,2,2,0,1,1,1,0,0,0,0,0,0,1,1,0,4,4,2,2,4,5,0,8,12,12
255,0,1,17,1,1,1,1,1,1,2,0,1,2,1,1,0,1,0,1,1,1,1,0,4,4,4,1,2,5,2,7,9,8
256,0,0,17,1,1,1,4,2,4,3,3,1,1,4,0,0,1,1,1,1,1,1,0,4,2,3,1,1,4,6,14,12,13
257,0,1,19,1,1,0,4,3,3,0,3,1,1,2,0,0,1,0,0,1,1,1,0,4,3,1,1,1,1,12,11,11,11
258,0,1,18,1,0,1,2,1,2,2,1,1,1,2,0,0,0,0,1,1,1,1,0,5,2,4,1,2,4,8,15,14,14
259,0,0,17,1,1,1,2,2,3,3,0,0,1,4,0,0,0,1,1,1,1,1,1,3,4,1,1,1,2,0,10,9,0
260,0,0,18,1,0,1,4,3,3,2,1,0,1,2,0,0,1,1,0,1,1,1,1,3,1,2,1,3,2,21,17,18,18
261,0,1,18,1,0,1,4,3,4,2,0,1,1,2,0,0,1,1,0,0,1,1,0,4,3,2,1,1,3,2,8,8,8
262,0,1,18,0,0,1,3,2,2,2,0,1,1,3,0,0,0,0,1,0,1,0,0,5,3,2,1,1,3,1,13,12,12
263,0,0,17,1,0,1,3,3,2,2,1,1,1,3,0,0,0,0,1,0,1,0,0,3,2,3,1,1,4,4,10,9,9
264,0,0,18,1,0,1,2,2,0,3,1,1,1,3,0,0,1,1,1,1,1,1,1,4,3,3,1,1,3,0,9,10,0
265,0,1,18,0,1,0,3,4,2,2,3,1,2,2,0,0,1,1,1,1,1,1,0,4,2,5,3,4,1,13,17,17,17
266,0,1,17,1,0,1,3,1,3,2,2,1,1,2,0,0,0,1,1,1,1,1,1,5,4,4,3,4,5,2,9,9,10
267,0,0,18,0,0,1,4,4,4,2,3,1,2,2,0,0,0,1,1,1,1,1,0,4,3,4,2,2,4,8,12,10,11
268,0,1,18,1,0,1,4,2,1,2,3,0,1,2,0,0,1,1,1,1,1,1,1,5,4,5,1,3,5,10,10,9,10
269,0,0,18,0,0,1,2,1,2,2,3,1,2,2,0,0,1,0,0,1,0,1,1,4,3,5,1,2,3,0,6,0,0
270,0,0,19,1,0,1,3,3,2,3,1,2,1,2,2,0,1,1,1,1,1,1,0,4,3,5,3,3,5,15,9,9,9
271,0,0,18,1,0,1,2,3,2,3,3,0,1,4,0,0,1,1,1,1,1,1,1,4,5,5,1,3,2,4,15,14,14
272,0,0,18,1,1,1,1,1,2,2,1,1,2,2,0,0,1,1,0,0,1,0,0,4,4,3,1,1,3,2,11,11,11
273,0,1,17,0,0,1,1,2,0,0,1,1,1,2,0,0,1,1,1,0,1,0,1,3,5,2,2,2,1,2,15,14,14
274,0,0,17,1,0,1,2,4,0,1,3,1,2,2,0,0,1,1,0,1,1,1,1,4,3,3,1,1,1,2,10,10,10
275,0,0,17,1,1,1,2,2,3,2,0,1,2,2,0,1,1,1,0,1,1,1,1,4,4,4,2,3,5,6,12,12,12
276,0,0,18,0,0,0,3,2,2,3,1,1,2,2,0,0,0,0,0,0,0,1,1,4,1,1,1,1,5,75,10,9,9
277,0,1,18,1,0,1,4,4,4,3,1,1,2,1,0,0,0,1,1,1,1,1,0,3,2,4,1,4,3,22,9,9,9
278,0,0,18,1,0,1,4,4,1,1,3,0,1,2,1,1,1,0,1,1,1,1,1,2,4,4,1,1,4,15,9,8,8
279,0,1,18,1,1,1,4,3,4,3,0,1,2,1,0,0,0,1,1,1,1,1,0,4,2,3,1,2,1,8,10,11,10
280,0,1,17,1,1,0,4,1,3,2,1,1,2,1,0,0,0,1,1,1,1,1,1,4,5,4,2,4,5,30,8,8,8
281,0,1,17,1,1,0,3,2,4,3,1,1,1,1,1,0,0,0,0,1,1,1,0,4,4,4,3,4,3,19,11,9,10
282,0,0,18,0,1,1,1,1,0,2,3,1,2,4,0,0,1,1,1,1,1,0,0,5,2,2,1,1,3,1,12,12,12
283,0,0,18,1,0,1,1,1,2,2,1,1,2,2,0,1,0,0,1,1,1,1,0,5,4,4,1,1,4,4,8,9,10
284,0,0,17,1,0,1,2,2,2,2,0,1,1,2,0,0,1,0,0,0,1,1,0,5,4,5,1,2,5,4,10,9,11
285,0,1,17,1,0,1,1,1,2,2,3,0,1,2,0,0,0,1,0,0,1,1,0,4,3,3,1,2,4,2,12,10,11
286,0,0,18,1,0,1,2,2,0,0,2,1,1,3,0,0,1,1,0,1,1,1,0,4,3,3,1,2,2,5,18,18,19
287,0,0,17,1,0,1,1,1,3,4,3,1,1,3,0,0,1,1,0,1,1,1,0,4,3,3,1,1,3,6,13,12,12
288,0,1,18,1,0,1,2,1,3,3,3,1,1,3,0,0,0,1,1,1,1,1,0,4,2,4,1,3,2,6,15,14,14
289,0,1,18,1,1,0,4,4,4,4,3,1,1,2,0,0,1,1,1,1,1,1,0,5,4,3,1,1,2,9,15,13,15
290,0,1,18,1,0,1,4,2,4,2,1,1,1,2,0,0,1,1,1,1,1,1,1,4,3,2,1,4,5,11,12,11,11
291,0,0,17,1,0,1,4,3,1,3,3,1,1,3,0,0,1,1,0,1,1,1,0,4,2,2,1,2,3,0,15,15,15
292,0,0,18,1,1,1,2,1,3,0,3,1,1,2,1,0,0,0,0,1,1,1,1,5,4,3,1,1,5,12,12,12,13
293,0,0,17,0,1,1,3,1,3,2,3,1,2,4,0,0,1,1,0,1,1,0,0,3,1,2,1,1,3,6,18,18,18
294,0,1,18,0,1,1,3,2,3,2,3,1,2,3,0,0,1,1,1,1,1,1,0,5,4,2,1,1,4,8,14,13,14
295,0,1,17,1,0,1,3,3,1,2,1,1,1,1,0,0,1,1,0,1,1,1,0,4,4,3,1,3,5,4,14,12,11
296,0,0,19,1,0,1,4,4,1,2,3,2,2,2,0,0,1,1,1,1,1,1,0,2,3,4,2,3,2,0,10,9,0
297,0,0,18,1,1,1,4,3,2,2,1,2,2,2,0,0,1,1,0,1,1,1,1,4,4,5,1,2,2,10,10,8,8
298,0,0,18,1,0,1,4,3,2,2,3,0,1,4,0,0,1,1,0,1,1,1,0,4,3,3,1,1,3,0,14,13,14
299,0,1,18,1,1,1,4,4,4,4,1,1,1,1,0,0,1,1,0,1,1,1,1,1,4,2,2,2,1,5,16,15,16
300,0,0,18,1,1,0,4,4,1,2,1,1,1,2,0,0,1,0,0,1,1,1,1,4,2,4,1,1,4,14,12,10,11
301,0,1,17,1,1,1,4,4,2,4,1,0,2,1,0,0,0,1,0,1,1,1,0,4,1,1,2,2,5,0,11,11,10
302,0,0,17,1,0,1,4,2,2,2,3,1,2,3,0,0,1,1,0,1,1,1,0,4,3,3,1,1,3,0,15,12,14
303,0,0,17,1,0,1,3,2,1,1,3,0,1,4,0,0,1,1,1,0,1,1,0,5,2,2,1,2,5,0,17,17,18
304,0,1,19,1,0,1,3,3,2,2,1,2,1,2,1,0,1,0,1,1,1,1,1,4,4,4,1,1,3,20,15,14,13
305,0,0,18,1,0,1,2,4,3,0,3,2,1,2,1,0,1,1,1,1,1,1,0,4,4,3,1,1,3,8,14,12,12
306,0,1,20,1,0,0,3,2,3,2,0,2,1,1,0,0,0,0,1,1,1,0,0,5,5,3,1,1,5,0,17,18,18
307,0,1,19,1,0,1,4,4,4,3,3,2,2,1,1,0,1,1,0,1,1,1,1,4,3,4,1,1,4,38,8,9,8
308,0,1,19,0,0,1,3,3,2,3,3,0,1,2,1,0,0,0,1,1,1,0,1,4,5,3,1,2,5,0,15,12,12
309,0,0,19,1,1,1,1,1,0,2,3,2,1,2,1,1,1,0,1,0,1,1,0,4,4,3,1,3,3,18,12,10,10
310,0,0,19,1,1,1,1,2,3,3,1,2,1,2,1,0,0,0,1,0,1,0,1,4,2,4,2,2,3,0,9,9,0
311,0,0,19,1,0,1,2,1,0,2,2,2,3,2,0,0,1,0,0,1,0,1,1,3,4,1,1,1,2,20,14,12,13
312,0,1,19,1,0,1,1,2,2,3,0,2,1,2,1,0,0,0,0,0,1,1,0,4,5,2,2,2,4,3,13,11,11
313,0,0,19,1,1,1,3,2,3,2,3,2,2,2,1,0,1,1,0,0,1,1,1,4,2,2,1,2,1,22,13,10,11
314,0,0,19,1,0,1,1,1,0,1,1,2,1,3,2,0,0,0,0,0,1,1,1,4,1,2,1,1,3,14,15,13,13
315,0,0,19,0,0,1,2,3,2,2,3,2,1,3,1,0,0,0,0,1,1,1,1,4,1,2,1,1,3,40,13,11,11
316,0,0,18,1,0,1,2,1,3,2,0,1,2,2,0,0,1,1,1,1,1,1,0,5,3,3,1,2,1,0,8,8,0
317,0,0,18,1,0,1,4,3,2,2,0,1,1,3,0,0,1,1,1,1,1,1,1,4,3,4,1,1,5,9,9,10,9
318,0,0,17,0,0,1,3,4,0,3,0,0,1,3,0,0,1,1,1,0,1,1,0,4,3,4,2,5,5,0,11,11,10
319,0,0,18,1,0,1,4,4,4,2,0,1,1,2,0,0,1,1,0,1,1,1,0,4,4,4,3,3,5,2,11,11,11
320,0,0,17,1,0,0,4,3,3,3,0,1,1,2,0,0,1,1,0,1,1,1,1,5,2,2,1,2,5,23,13,13,13
321,0,0,17,1,0,1,2,2,2,2,0,1,1,2,0,0,1,0,0,1,1,0,1,4,2,2,1,1,3,12,11,9,9
322,0,0,17,0,1,1,2,2,3,3,0,1,1,3,0,0,1,1,1,1,1,1,0,3,3,2,2,2,3,3,11,11,11
323,0,0,17,1,0,1,3,1,3,3,0,0,1,3,0,0,1,0,0,0,1,1,0,3,4,3,2,3,5,1,12,14,15
324,0,0,17,1,1,1,0,2,0,0,1,0,2,3,0,0,0,0,0,1,1,1,0,3,3,3,2,3,2,0,16,15,15
325,0,1,18,1,0,1,4,4,2,2,0,1,1,3,0,0,0,0,1,1,1,1,0,4,3,3,2,2,3,3,9,12,11
326,0,1,17,1,0,1,3,3,2,3,3,1,1,1,0,0,0,0,1,0,1,1,0,4,3,5,3,5,5,3,14,15,16
327,0,1,17,0,0,1,2,2,3,2,0,1,4,1,0,0,1,0,0,1,1,1,0,4,4,5,5,5,4,8,11,10,10
328,0,0,17,1,0,1,4,4,4,3,0,1,1,3,0,0,1,1,1,1,1,1,0,5,4,4,1,3,4,7,10,9,9
329,0,0,17,1,0,1,4,4,4,4,0,1,2,3,0,0,1,1,0,0,1,1,1,4,3,3,1,2,4,4,14,14,14
330,0,1,18,1,1,1,2,2,2,2,0,1,1,4,0,0,1,0,1,1,1,1,0,4,5,5,2,4,5,2,9,8,8
331,0,0,17,0,0,1,2,4,0,2,0,0,1,3,0,0,1,0,0,1,1,1,1,4,4,3,1,1,5,7,12,14,14
332,0,0,18,1,0,1,3,3,3,3,1,1,1,2,0,0,0,0,1,1,1,1,0,5,3,4,1,1,4,0,7,0,0
333,0,0,18,1,1,1,2,2,2,2,1,2,1,2,0,0,0,0,1,0,1,1,1,4,3,3,1,1,2,0,8,8,0
334,0,0,18,0,0,1,2,2,0,2,0,1,2,4,0,0,0,0,1,1,1,0,0,4,4,4,1,1,4,0,10,9,0
335,0,0,17,1,0,1,3,4,3,2,0,1,1,3,0,0,0,0,0,1,1,1,0,4,4,5,1,3,5,16,16,15,15
336,0,0,19,0,0,0,3,1,3,0,1,2,1,3,1,0,0,1,0,1,1,0,0,5,4,3,1,2,5,12,14,13,13
337,0,0,17,1,0,1,3,2,2,2,1,1,1,2,0,0,1,1,0,1,1,1,1,4,3,2,2,3,2,0,7,8,0
338,0,0,18,1,1,1,3,3,3,3,1,1,1,4,0,0,1,0,0,1,1,1,0,5,3,3,1,1,1,7,16,15,17
339,0,0,17,0,0,0,3,2,2,2,1,1,1,2,0,0,1,1,0,1,1,1,0,4,3,3,2,3,2,4,9,10,10
340,0,0,19,1,0,1,2,1,3,3,1,2,1,3,1,0,0,1,1,1,1,1,1,4,3,4,1,3,3,4,11,12,11
341,0,1,18,1,0,1,4,4,4,3,1,0,1,2,1,0,1,0,1,1,1,1,0,4,3,3,2,2,2,0,10,10,0
342,0,1,18,1,1,1,3,4,3,2,1,1,1,2,0,0,0,0,1,1,1,1,1,4,3,3,1,3,5,11,16,15,15
343,0,0,17,1,0,0,2,2,0,0,1,0,1,2,1,0,1,0,0,1,1,1,1,3,3,1,1,2,4,0,9,8,0
344,0,0,18,1,0,1,2,3,0,2,0,1,1,3,0,0,1,0,0,1,1,1,0,4,3,3,1,2,3,4,11,10,10
345,0,0,18,1,0,1,3,2,2,3,2,1,1,3,0,0,0,0,0,1,1,1,1,5,4,3,2,3,1,7,13,13,14
346,0,1,18,0,0,1,4,3,4,3,0,1,1,3,0,0,0,0,0,1,1,1,1,5,3,2,1,2,4,9,16,15,16
347,0,1,18,1,0,1,4,3,4,2,0,1,1,3,0,0,1,1,0,1,1,1,1,5,4,5,2,3,5,0,10,10,9
348,0,0,17,1,0,1,4,3,1,2,3,1,1,3,0,0,1,1,1,1,1,1,1,4,4,3,1,3,4,0,13,15,15
349,1,1,18,0,0,1,3,2,2,2,0,1,2,1,1,0,1,0,0,0,1,1,0,2,5,5,5,5,5,10,11,13,13
350,1,1,19,0,0,1,1,1,2,3,1,2,3,2,3,0,0,0,0,1,1,1,0,5,4,4,3,3,2,8,8,7,8
351,1,1,17,1,0,1,3,3,1,2,0,1,2,2,0,0,1,1,0,1,1,1,0,4,5,4,2,3,3,2,13,13,13
352,1,1,18,1,1,1,1,3,0,3,0,1,1,1,1,0,0,0,0,1,0,1,1,4,3,3,2,3,3,7,8,7,8
353,1,1,19,0,0,1,1,1,2,2,1,2,3,1,1,0,1,0,0,1,1,1,0,4,4,4,3,3,5,4,8,8,8
354,1,1,17,0,0,1,4,3,3,2,1,1,2,2,0,0,1,1,1,0,1,1,1,4,5,5,1,3,2,4,13,11,11
355,1,0,18,1,0,1,3,3,3,3,0,0,1,2,0,0,1,0,0,1,1,0,1,5,3,4,1,1,5,0,10,9,9
356,1,0,17,0,0,1,4,4,4,3,2,0,2,2,0,0,1,1,1,1,1,1,0,4,3,3,1,2,5,4,12,13,13
357,1,0,17,1,1,0,3,2,3,2,3,1,2,2,0,0,0,0,0,1,1,0,1,1,2,3,1,2,5,2,12,12,11
358,1,1,18,1,1,1,1,1,2,3,1,0,2,1,0,0,0,0,0,0,1,1,1,3,3,2,1,2,3,4,10,10,10
359,1,0,18,1,1,1,1,1,0,3,0,0,2,3,0,0,0,0,0,1,1,1,0,5,3,2,1,1,4,0,18,16,16
360,1,0,18,0,1,0,1,4,0,2,0,1,3,2,0,0,0,0,0,1,1,0,1,4,3,4,1,4,5,0,13,13,13
361,1,1,18,0,1,1,1,1,0,2,2,1,2,2,1,0,0,0,1,0,0,0,0,4,4,3,2,3,5,2,13,12,12
362,1,0,18,1,0,1,3,3,3,3,2,1,2,2,0,0,1,0,0,1,1,1,1,4,3,2,1,3,3,0,11,11,10
363,1,0,17,1,1,1,4,4,0,0,0,1,1,2,0,0,1,1,1,1,1,1,1,2,3,4,1,1,1,0,16,15,15
364,1,0,17,0,0,1,1,2,2,3,0,0,2,2,0,0,0,0,0,0,1,0,0,3,2,2,1,2,3,0,12,11,12
365,1,1,18,0,0,1,1,3,0,2,0,1,2,2,0,0,1,1,0,1,1,0,0,3,3,4,2,4,3,4,10,10,10
366,1,1,18,1,1,1,4,4,4,3,2,1,2,3,0,0,0,1,0,1,1,1,1,4,2,2,2,2,5,0,13,13,13
367,1,0,17,0,0,1,1,1,2,3,3,1,3,1,1,0,1,1,0,1,1,1,1,5,2,1,1,2,1,0,7,6,0
368,1,0,18,1,0,1,2,3,0,3,0,0,2,1,0,0,1,1,0,1,1,1,1,5,2,3,1,2,4,0,11,10,10
369,1,0,18,0,0,1,4,4,2,4,2,0,3,2,0,0,1,1,0,0,1,1,1,3,2,2,4,2,5,10,14,12,11
370,1,0,19,1,1,1,3,2,3,3,1,2,2,2,2,0,0,0,1,1,1,0,1,3,2,2,1,1,3,4,7,7,9
371,1,1,18,0,1,1,1,2,0,3,2,0,3,1,0,0,1,1,1,1,0,1,1,4,3,3,2,3,3,3,14,12,12
372,1,0,17,1,0,1,2,2,2,0,1,1,1,3,0,0,0,0,1,1,1,0,1,3,4,3,1,1,3,8,13,11,11
373,1,0,17,0,0,1,1,2,2,2,0,1,1,1,0,0,0,0,1,1,1,1,0,3,5,5,1,3,1,14,6,5,5
374,1,0,18,0,1,1,4,4,2,2,3,1,2,3,0,0,0,0,0,1,1,1,0,5,4,4,1,1,1,0,19,18,19
375,1,0,18,0,0,1,1,1,2,2,1,1,4,3,0,0,0,0,0,1,1,1,0,4,3,2,1,2,4,2,8,8,10
376,1,0,20,1,0,1,4,2,1,2,0,2,2,3,2,0,1,1,0,0,1,1,1,5,4,3,1,1,3,4,15,14,15
377,1,0,18,0,1,1,4,4,4,3,0,1,1,2,0,0,0,1,1,1,1,1,0,5,4,3,3,4,2,4,8,9,10
378,1,0,18,1,0,1,3,3,2,2,1,1,1,2,0,0,0,1,0,1,1,1,1,4,1,3,1,2,1,0,15,15,15
379,1,0,17,0,0,1,3,1,0,2,3,1,1,2,0,0,1,1,1,0,1,1,0,4,5,4,2,3,1,17,10,10,10
380,1,1,18,1,0,1,4,4,4,4,1,0,1,2,0,0,0,1,1,0,1,1,0,3,2,4,1,4,2,4,15,14,14
381,1,1,18,0,0,1,2,1,2,2,2,1,2,1,0,0,0,0,1,0,1,1,1,4,4,3,1,3,5,5,7,6,7
382,1,1,17,1,0,1,2,3,2,3,1,0,2,2,0,0,0,0,1,1,1,1,0,4,4,3,1,1,3,2,11,11,10
383,1,1,19,0,0,1,1,1,2,3,2,1,2,1,1,0,0,0,0,1,1,0,0,4,3,2,1,3,5,0,6,5,0
384,1,1,18,0,0,1,4,2,2,2,1,0,2,1,1,0,0,1,0,1,1,0,0,5,4,3,4,3,3,14,6,5,5
385,1,0,18,0,0,1,2,2,0,2,2,1,2,3,0,0,0,1,0,1,1,0,0,5,3,3,1,3,4,2,10,9,10
386,1,0,18,0,0,1,4,4,4,0,3,1,3,1,0,0,1,1,1,1,1,1,1,4,4,3,2,2,5,7,6,5,6
387,1,0,19,0,0,1,2,3,3,2,0,1,1,3,1,0,0,0,1,0,1,1,0,5,4,2,1,2,5,0,7,5,0
388,1,0,18,1,1,1,3,1,4,3,0,1,1,2,0,0,1,1,0,1,1,1,0,4,3,4,1,1,1,0,7,9,8
389,1,0,18,1,0,1,1,1,2,2,0,1,2,2,1,0,0,0,1,1,1,0,0,1,1,1,1,1,5,0,6,5,0
390,1,1,20,1,1,0,2,2,3,3,0,2,1,2,2,0,1,1,0,1,1,0,0,5,5,4,4,5,4,11,9,9,9
391,1,1,17,1,1,1,3,1,3,3,0,1,2,1,0,0,0,0,0,0,1,1,0,2,4,5,3,4,2,3,14,16,16
392,1,1,21,0,0,1,1,1,2,2,0,2,1,1,3,0,0,0,0,0,1,0,0,5,5,3,3,3,3,3,10,8,7
393,1,1,18,0,1,1,3,2,3,2,0,1,3,1,0,0,0,0,0,0,1,1,0,4,4,1,3,4,5,0,11,12,10
394,1,1,19,1,1,1,1,1,2,0,0,0,1,1,0,0,0,0,0,1,1,1,0,3,2,3,3,3,5,5,8,9,9
